{
  "hash": "47b2aa02",
  "configHash": "b7b4b1eb",
  "lockfileHash": "d6e66156",
  "browserHash": "13c6cea9",
  "optimized": {
    "@angular/common": {
      "src": "../../../../../node_modules/@angular/common/fesm2022/common.mjs",
      "file": "@angular_common.js",
      "fileHash": "36a68dea",
      "needsInterop": false
    },
    "@angular/common/http": {
      "src": "../../../../../node_modules/@angular/common/fesm2022/http.mjs",
      "file": "@angular_common_http.js",
      "fileHash": "4f4177ca",
      "needsInterop": false
    },
    "@angular/core": {
      "src": "../../../../../node_modules/@angular/core/fesm2022/core.mjs",
      "file": "@angular_core.js",
      "fileHash": "9a65d7b8",
      "needsInterop": false
    },
    "@angular/forms": {
      "src": "../../../../../node_modules/@angular/forms/fesm2022/forms.mjs",
      "file": "@angular_forms.js",
      "fileHash": "55de5059",
      "needsInterop": false
    },
    "@angular/platform-browser": {
      "src": "../../../../../node_modules/@angular/platform-browser/fesm2022/platform-browser.mjs",
      "file": "@angular_platform-browser.js",
      "fileHash": "864029c6",
      "needsInterop": false
    },
    "@angular/platform-server": {
      "src": "../../../../../node_modules/@angular/platform-server/fesm2022/platform-server.mjs",
      "file": "@angular_platform-server.js",
      "fileHash": "c725317c",
      "needsInterop": false
    },
    "@angular/router": {
      "src": "../../../../../node_modules/@angular/router/fesm2022/router.mjs",
      "file": "@angular_router.js",
      "fileHash": "84ee423a",
      "needsInterop": false
    },
    "rxjs": {
      "src": "../../../../../node_modules/rxjs/dist/cjs/index.js",
      "file": "rxjs.js",
      "fileHash": "9a83d634",
      "needsInterop": true
    }
  },
  "chunks": {
    "xhr2-AQ42KH57": {
      "file": "xhr2-AQ42KH57.js"
    },
    "chunk-LRZXT7TB": {
      "file": "chunk-LRZXT7TB.js"
    },
    "chunk-TBNCLOX4": {
      "file": "chunk-TBNCLOX4.js"
    },
    "chunk-DNMG4H3D": {
      "file": "chunk-DNMG4H3D.js"
    },
    "chunk-JY6R7R5G": {
      "file": "chunk-JY6R7R5G.js"
    },
    "chunk-VDZEJD3D": {
      "file": "chunk-VDZEJD3D.js"
    },
    "chunk-NQ4HTGF6": {
      "file": "chunk-NQ4HTGF6.js"
    }
  }
}