{
  "hash": "1c9e2c1f",
  "configHash": "ee04c6de",
  "lockfileHash": "d6e66156",
  "browserHash": "7fde7719",
  "optimized": {
    "@angular/common": {
      "src": "../../../../../node_modules/@angular/common/fesm2022/common.mjs",
      "file": "@angular_common.js",
      "fileHash": "29fd9ca1",
      "needsInterop": false
    },
    "@angular/common/http": {
      "src": "../../../../../node_modules/@angular/common/fesm2022/http.mjs",
      "file": "@angular_common_http.js",
      "fileHash": "b1d6da67",
      "needsInterop": false
    },
    "@angular/core": {
      "src": "../../../../../node_modules/@angular/core/fesm2022/core.mjs",
      "file": "@angular_core.js",
      "fileHash": "6221dcac",
      "needsInterop": false
    },
    "@angular/forms": {
      "src": "../../../../../node_modules/@angular/forms/fesm2022/forms.mjs",
      "file": "@angular_forms.js",
      "fileHash": "180f0f36",
      "needsInterop": false
    },
    "@angular/platform-browser": {
      "src": "../../../../../node_modules/@angular/platform-browser/fesm2022/platform-browser.mjs",
      "file": "@angular_platform-browser.js",
      "fileHash": "471e5900",
      "needsInterop": false
    },
    "@angular/router": {
      "src": "../../../../../node_modules/@angular/router/fesm2022/router.mjs",
      "file": "@angular_router.js",
      "fileHash": "3c204ec0",
      "needsInterop": false
    },
    "rxjs": {
      "src": "../../../../../node_modules/rxjs/dist/esm5/index.js",
      "file": "rxjs.js",
      "fileHash": "e6a1e472",
      "needsInterop": false
    }
  },
  "chunks": {
    "chunk-RNG6EJWI": {
      "file": "chunk-RNG6EJWI.js"
    },
    "chunk-3BHTDJTD": {
      "file": "chunk-3BHTDJTD.js"
    },
    "chunk-IJXGLLET": {
      "file": "chunk-IJXGLLET.js"
    },
    "chunk-NZ3K4W5G": {
      "file": "chunk-NZ3K4W5G.js"
    },
    "chunk-2CVCC5YH": {
      "file": "chunk-2CVCC5YH.js"
    }
  }
}